{"cameraMode":{"drawMode":0,"name":"Shaded","section":"Shading Mode"},"sceneLighting":true,"audioPlay":false,"sceneViewState":{"m_AlwaysRefresh":false,"showFog":true,"showSkybox":true,"showFlares":true,"showImageEffects":true,"showParticleSystems":true,"showVisualEffectGraphs":true,"m_FxEnabled":true},"in2DMode":false,"pivot":{"x":0.17940209805965424,"y":3.1301722526550295,"z":4.880398273468018},"rotation":{"x":-0.3514537215232849,"y":-0.21265177428722382,"z":0.08247841894626618,"w":-0.9080935120582581},"size":4.483915328979492,"orthographic":false}