{"cameraMode":{"drawMode":0,"name":"Shaded","section":"Shading Mode"},"sceneLighting":true,"audioPlay":false,"sceneViewState":{"m_AlwaysRefresh":false,"showFog":true,"showSkybox":true,"showFlares":true,"showImageEffects":true,"showParticleSystems":true,"showVisualEffectGraphs":true,"m_FxEnabled":true},"in2DMode":false,"pivot":{"x":14.779977798461914,"y":24.535369873046876,"z":-11.296727180480957},"rotation":{"x":0.4037972688674927,"y":-0.3669038414955139,"z":0.18104563653469087,"w":0.8182989358901978},"size":0.49263012409210207,"orthographic":false}