{"cameraMode":{"drawMode":0,"name":"Shaded","section":"Shading Mode"},"sceneLighting":true,"audioPlay":false,"sceneViewState":{"m_AlwaysRefresh":false,"showFog":true,"showSkybox":true,"showFlares":true,"showImageEffects":true,"showParticleSystems":true,"showVisualEffectGraphs":true,"m_FxEnabled":true},"in2DMode":false,"pivot":{"x":31.4096736907959,"y":-59.45297622680664,"z":141.91648864746095},"rotation":{"x":0.3119712471961975,"y":0.04963287338614464,"z":0.0025334833189845087,"w":0.9513552784919739},"size":60.70690155029297,"orthographic":false}