{"cameraMode":{"drawMode":0,"name":"Shaded","section":"Shading Mode"},"sceneLighting":true,"audioPlay":false,"sceneViewState":{"m_AlwaysRefresh":false,"showFog":true,"showSkybox":true,"showFlares":true,"showImageEffects":true,"showParticleSystems":true,"showVisualEffectGraphs":true,"m_FxEnabled":true},"in2DMode":false,"pivot":{"x":132.16851806640626,"y":-45.723793029785159,"z":157.25941467285157},"rotation":{"x":-0.16707143187522889,"y":-0.40648704767227175,"z":0.07670145481824875,"w":-0.8954667448997498},"size":95.00041198730469,"orthographic":false}