{"cameraMode":{"drawMode":0,"name":"Shaded","section":"Shading Mode"},"sceneLighting":true,"audioPlay":false,"sceneViewState":{"m_AlwaysRefresh":false,"showFog":true,"showSkybox":true,"showFlares":true,"showImageEffects":true,"showParticleSystems":true,"showVisualEffectGraphs":true,"m_FxEnabled":true},"in2DMode":false,"pivot":{"x":-1.2148715257644654,"y":63.77628707885742,"z":57.01519012451172},"rotation":{"x":0.2158469408750534,"y":0.8024847507476807,"z":-0.38883864879608157,"w":0.40018194913864138},"size":0.37434881925582888,"orthographic":false}