{"cameraMode":{"drawMode":0,"name":"Shaded","section":"Shading Mode"},"sceneLighting":true,"audioPlay":false,"sceneViewState":{"m_AlwaysRefresh":false,"showFog":true,"showSkybox":true,"showFlares":true,"showImageEffects":true,"showParticleSystems":true,"showVisualEffectGraphs":true,"m_FxEnabled":true},"in2DMode":false,"pivot":{"x":6.167285919189453,"y":16.800323486328126,"z":-19.09193229675293},"rotation":{"x":0.3558729588985443,"y":0.07581831514835358,"z":-0.007448800373822451,"w":0.9340868592262268},"size":0.9457213878631592,"orthographic":false}