{"cameraMode":{"drawMode":0,"name":"Shaded","section":"Shading Mode"},"sceneLighting":true,"audioPlay":false,"sceneViewState":{"m_AlwaysRefresh":false,"showFog":true,"showSkybox":true,"showFlares":true,"showImageEffects":true,"showParticleSystems":true,"showVisualEffectGraphs":true,"m_FxEnabled":true},"in2DMode":false,"pivot":{"x":18.574913024902345,"y":3.690227746963501,"z":67.20226287841797},"rotation":{"x":0.08728518337011337,"y":-0.035687122493982318,"z":0.024087339639663698,"w":0.9977201819419861},"size":0.8660253882408142,"orthographic":false}