{"cameraMode":{"drawMode":0,"name":"Shaded","section":"Shading Mode"},"sceneLighting":true,"audioPlay":false,"sceneViewState":{"m_AlwaysRefresh":false,"showFog":true,"showSkybox":true,"showFlares":true,"showImageEffects":true,"showParticleSystems":true,"showVisualEffectGraphs":true,"m_FxEnabled":true},"in2DMode":false,"pivot":{"x":108.25727844238281,"y":6.532725811004639,"z":113.96896362304688},"rotation":{"x":0.15146221220493318,"y":-0.8485223054885864,"z":0.3384960889816284,"w":0.3781755268573761},"size":10.641250610351563,"orthographic":false}