{"cameraMode":{"drawMode":0,"name":"Shaded","section":"Shading Mode"},"sceneLighting":true,"audioPlay":false,"sceneViewState":{"m_AlwaysRefresh":false,"showFog":true,"showSkybox":true,"showFlares":true,"showImageEffects":true,"showParticleSystems":true,"showVisualEffectGraphs":true,"m_FxEnabled":true},"in2DMode":false,"pivot":{"x":26.665103912353517,"y":34.72444152832031,"z":2.4004950523376467},"rotation":{"x":0.24529153108596803,"y":0.2779112160205841,"z":-0.054463326930999759,"w":0.9281629920005798},"size":0.37434881925582888,"orthographic":false}