{"cameraMode":{"drawMode":0,"name":"Shaded","section":"Shading Mode"},"sceneLighting":true,"audioPlay":false,"sceneViewState":{"m_AlwaysRefresh":false,"showFog":true,"showSkybox":true,"showFlares":true,"showImageEffects":true,"showParticleSystems":true,"showVisualEffectGraphs":true,"m_FxEnabled":true},"in2DMode":false,"pivot":{"x":1.1870993375778199,"y":57.198219299316409,"z":-8.522706031799317},"rotation":{"x":0.2630827724933624,"y":0.31354039907455447,"z":-0.07253342866897583,"w":0.9104697704315186},"size":1.1888383626937867,"orthographic":false}