{"cameraMode":{"drawMode":0,"name":"Shaded","section":"Shading Mode"},"sceneLighting":true,"audioPlay":false,"sceneViewState":{"m_AlwaysRefresh":false,"showFog":true,"showSkybox":true,"showFlares":true,"showImageEffects":true,"showParticleSystems":true,"showVisualEffectGraphs":true,"m_FxEnabled":true},"in2DMode":false,"pivot":{"x":3.785496473312378,"y":7.4209489822387699,"z":-2.9706692695617677},"rotation":{"x":0.040296390652656558,"y":0.4225988984107971,"z":0.0022058552131056787,"w":0.9081668853759766},"size":0.9457213878631592,"orthographic":false}