{"cameraMode":{"drawMode":0,"name":"Shaded","section":"Shading Mode"},"sceneLighting":true,"audioPlay":false,"sceneViewState":{"m_AlwaysRefresh":false,"showFog":true,"showSkybox":true,"showFlares":true,"showImageEffects":true,"showParticleSystems":true,"showVisualEffectGraphs":true,"m_FxEnabled":true},"in2DMode":false,"pivot":{"x":15.33448600769043,"y":4.3043904304504398,"z":51.79021453857422},"rotation":{"x":0.26445311307907107,"y":-0.037545524537563327,"z":0.028687044978141786,"w":0.96576988697052},"size":1.4158974885940552,"orthographic":false}