{"cameraMode":{"drawMode":0,"name":"Shaded","section":"Shading Mode"},"sceneLighting":true,"audioPlay":false,"sceneViewState":{"m_AlwaysRefresh":false,"showFog":true,"showSkybox":true,"showFlares":true,"showImageEffects":true,"showParticleSystems":true,"showVisualEffectGraphs":true,"m_FxEnabled":true},"in2DMode":false,"pivot":{"x":29.379337310791017,"y":4.99057674407959,"z":55.031341552734378},"rotation":{"x":-0.13651473820209504,"y":-0.40495342016220095,"z":0.06164106726646423,"w":-0.9022974371910095},"size":19.003679275512697,"orthographic":false}